{
  "results": [
    {
      "command": "json_static_10",
      "mean": 17.999177743439997,
      "stddev": 0.0987793250976642,
      "median": 17.98080776864,
      "user": 1.26373108,
      "system": 2.1197190999999997,
      "min": 17.92150460164,
      "max": 18.16962593464,
      "times": [
        18.16962593464,
        17.982447185639998,
        17.98080776864,
        17.92150460164,
        17.94150322664
      ],
      "exit_codes": [
        0,
        0,
        0,
        0,
        0
      ]
    }
  ]
}
