{
  "results": [
    {
      "command": "json_static_100",
      "mean": 18.98697881394,
      "stddev": 0.13976993059026135,
      "median": 18.94178923054,
      "user": 5.01469134,
      "system": 2.5629459999999997,
      "min": 18.89850648054,
      "max": 19.233616355539997,
      "times": [
        19.233616355539997,
        18.95352639754,
        18.907455605539997,
        18.89850648054,
        18.94178923054
      ],
      "exit_codes": [
        0,
        0,
        0,
        0,
        0
      ]
    }
  ]
}
