{
  "results": [
    {
      "command": "json_moving_100",
      "mean": 18.7444991851,
      "stddev": 0.10540751735419994,
      "median": 18.7162450607,
      "user": 2.84007244,
      "system": 2.2405503199999997,
      "min": 18.655870768699998,
      "max": 18.9274600177,
      "times": [
        18.9274600177,
        18.655870768699998,
        18.7162450607,
        18.7033406017,
        18.719579476699998
      ],
      "exit_codes": [
        0,
        0,
        0,
        0,
        0
      ]
    }
  ]
}
