{
  "results": [
    {
      "command": "string_moving_10",
      "mean": 17.92342836626,
      "stddev": 0.15808581207781935,
      "median": 17.86754195826,
      "user": 1.0322298799999998,
      "system": 2.4812371399999997,
      "min": 17.83150258326,
      "max": 18.20473291626,
      "times": [
        18.20473291626,
        17.86754195826,
        17.84348179026,
        17.86988258326,
        17.83150258326
      ],
      "exit_codes": [
        0,
        0,
        0,
        0,
        0
      ]
    }
  ]
}
