{
  "results": [
    {
      "command": "string_static_100",
      "mean": 18.03513762658,
      "stddev": 0.0438984266077546,
      "median": 18.05004529318,
      "user": 2.6553999,
      "system": 2.2609413199999997,
      "min": 17.96984391818,
      "max": 18.07686825118,
      "times": [
        18.07686825118,
        18.05004529318,
        17.96984391818,
        18.06633425218,
        18.01259641818
      ],
      "exit_codes": [
        0,
        0,
        0,
        0,
        0
      ]
    }
  ]
}
