{
  "results": [
    {
      "command": "json_static_1000",
      "mean": 52.80628021602,
      "stddev": 16.957098469428455,
      "median": 52.82259042422,
      "user": 32.427222539999995,
      "system": 1.5851834400000002,
      "min": 52.63085746622,
      "max": 52.937018716219995,
      "times": [
        52.937018716219995,
        52.63085746622,
        52.680579632219995,
        52.82259042422,
        52.96035484122
      ],
      "exit_codes": [
        0,
        0,
        0,
        0,
        0
      ]
    }
  ]
}
