{
  "results": [
    {
      "command": "json_moving_1000",
      "mean": 25.063600959680002,
      "stddev": 0.08690251723673165,
      "median": 25.01868839328,
      "user": 20.730807019999997,
      "system": 3.3695852599999996,
      "min": 24.97658085128,
      "max": 25.17543597628,
      "times": [
        25.17543597628,
        24.97658085128,
        25.13653668428,
        25.01076289328,
        25.01868839328
      ],
      "exit_codes": [
        0,
        0,
        0,
        0,
        0
      ]
    }
  ]
}
