{
  "results": [
    {
      "command": "json_moving_10",
      "mean": 17.98883373978,
      "stddev": 0.18143656578919362,
      "median": 17.90828973158,
      "user": 1.00588298,
      "system": 1.96476626,
      "min": 17.86133377258,
      "max": 18.30441348158,
      "times": [
        18.30441348158,
        17.97726056458,
        17.89287114858,
        17.90828973158,
        17.86133377258
      ],
      "exit_codes": [
        0,
        0,
        0,
        0,
        0
      ]
    }
  ]
}
