{
  "results": [
    {
      "command": "string_static_10",
      "mean": 17.967746977460003,
      "stddev": 0.22896602236768007,
      "median": 17.87791302786,
      "user": 1.0578746200000002,
      "system": 2.0650579000000002,
      "min": 17.80489186086,
      "max": 18.36099031886,
      "times": [
        18.36099031886,
        17.97024261086,
        17.80489186086,
        17.82469706886,
        17.87791302786
      ],
      "exit_codes": [
        0,
        0,
        0,
        0,
        0
      ]
    }
  ]
}
