{
  "results": [
    {
      "command": "string_moving_1000",
      "mean": 20.851924749040002,
      "stddev": 0.14249022571802797,
      "median": 20.799365090440002,
      "user": 10.3432458,
      "system": 2.7039333799999996,
      "min": 20.73257213244,
      "max": 21.06669459044,
      "times": [
        21.06669459044,
        20.737862757440002,
        20.73257213244,
        20.799365090440002,
        20.92312917444
      ],
      "exit_codes": [
        0,
        0,
        0,
        0,
        0
      ]
    }
  ]
}
