{
  "results": [
    {
      "command": "string_moving_100",
      "mean": 18.086070796820003,
      "stddev": 0.16925714734505082,
      "median": 18.01117368862,
      "user": 1.31569792,
      "system": 2.2523713599999997,
      "min": 17.99937522962,
      "max": 18.38816643862,
      "times": [
        18.38816643862,
        18.00289818862,
        18.02874043862,
        17.99937522962,
        18.01117368862
      ],
      "exit_codes": [
        0,
        0,
        0,
        0,
        0
      ]
    }
  ]
}
