{
  "results": [
    {
      "command": "string_static_1000",
      "mean": 23.14632700068,
      "stddev": 0.1544733837041836,
      "median": 23.097119942080003,
      "user": 7.39362898,
      "system": 0.5632749199999999,
      "min": 23.04482848408,
      "max": 23.41969044208,
      "times": [
        23.41969044208,
        23.04482848408,
        23.10040544308,
        23.097119942080003,
        23.069590692080002
      ],
      "exit_codes": [
        0,
        0,
        0,
        0,
        0
      ]
    }
  ]
}
